shared_orders,separate_orders_batched,separate_orders,single_order,slowdown_shared_vs_single,slowdown_separate_vs_single
0.10669157505035401,24.662418047587078,29.138285319010418,0.022896580696105957,4.659716508172731,1077.1223168611127
0.0504787540435791,6.165962219238281,6.5945790608723955,0.011177053451538086,4.516284570208677,551.6625867428214
0.024199724197387695,1.5417858759562175,1.5857213338216145,0.005752444267272949,4.206859392809036,268.0227403032501
0.011698694229125976,0.3858934243520101,0.3891162872314453,0.0030175399780273436,3.8768978420540305,127.88345048017564
0.006166267395019531,0.09626483917236328,0.09619466463724773,0.0017700719833374024,3.483625215847591,54.38470303951122
0.0037686920166015627,0.026128133138020832,0.02597204844156901,0.0013572311401367188,2.776750330250991,19.251056334729284
0.002420997619628906,0.007141590118408203,0.00784905751546224,0.0008965873718261719,2.700236135043717,7.9653030399727704
0.0015839815139770507,0.0016349156697591145,0.0016509691874186199,0.0006429052352905273,2.4637869269508332,2.543011909088437
